0.0037151,-1.1903e+84,-1.4418e+84
0.00038412,1.4055e+84,1.7024e+84
0.00022761,2.6411e+84,3.1991e+84
3.0962e-181,-0.019769,-0.33682
0.0025055,-3.9285e+83,-4.7585e+83
0.0024097,-2.1182e+84,-2.5657e+84
0.059843,7.4728e+85,9.0516e+85
-1.1376e-181,0.0081585,0.17115
0.0010403,6.5664e+84,7.9537e+84
1.9405e-05,-4.504e+82,-5.4555e+82
0.0042002,2.9936e+84,3.626e+84
0.01251,7.5143e+85,9.1019e+85
0.0056932,3.3423e+85,4.0484e+85
0.0023909,-5.5341e+84,-6.7033e+84
0.0015525,-7.9751e+84,-9.66e+84
0.00093806,5.5069e+84,6.6703e+84
0.00059647,-1.0021e+84,-1.2138e+84
0.001951,-1.2269e+85,-1.4861e+85
0.0064368,-2.8423e+85,-3.4427e+85
0.0035335,-2.1216e+85,-2.5698e+85
3.9235e-181,-0.16129,-0.18519
0.0072324,6.4852e+84,7.8553e+84
-1.5184e-181,0.07326,0.078351
0.0015163,-6.8597e+84,-8.309e+84
0.0033859,2.0186e+85,2.4451e+85
0.0019818,-3.9635e+84,-4.8009e+84
0.010809,4.378e+85,5.3029e+85
0.00095284,1.1323e+85,1.3715e+85
0.0028697,6.685e+82,8.0974e+82
0.011904,1.2113e+85,1.4672e+85
0.00019094,1.332e+84,1.6134e+84
0.00094953,6.9385e+84,8.4045e+84
0.010267,8.8019e+84,1.0661e+85
0.00035164,2.1444e+84,2.5975e+84
0.00072314,4.2432e+84,5.1397e+84
0.0017611,-9.0988e+84,-1.1021e+85
0.00080484,3.6244e+84,4.3901e+84
0.0041327,1.2838e+84,1.555e+84
0.002787,-6.2761e+84,-7.6021e+84
0.013969,-3.8806e+85,-4.7005e+85
0.0041327,1.2838e+84,1.555e+84
8.6611e-182,0.0098372,0.067525
0.00097807,4.1127e+84,4.9816e+84
0.00011364,8.5475e+83,1.0353e+84
9.866e-182,-0.059087,-0.052097
0.0019668,-4.2153e+84,-5.1059e+84
0.0011873,-7.3238e+84,-8.8712e+84
0.0050004,-1.3255e+85,-1.6055e+85
0.0010443,-6.1865e+84,-7.4935e+84
0.0015688,1.1753e+85,1.4236e+85
0.00035622,4.7784e+84,5.7879e+84
0.0014032,-8.024e+84,-9.7193e+84
0.0061742,-3.3305e+85,-4.0341e+85
0.00088835,-5.2907e+84,-6.4085e+84
0.011502,-6.7639e+85,-8.1929e+85
0.00097453,-6.2481e+84,-7.5682e+84
4.0041e-05,1.0201e+83,1.2356e+83
0.0036776,-7.5983e+84,-9.2036e+84
0.00044728,-3.0217e+84,-3.6602e+84
0.0050426,-6.0209e+84,-7.2929e+84
0.00072314,4.2432e+84,5.1397e+84
0.0013498,7.7784e+84,9.4218e+84
0.047817,-1.2874e+85,-1.5593e+85
-1.3769e-181,0.083218,0.13135
-8.7777e-182,0.086089,0.17741
0.0039727,-5.3983e+84,-6.5388e+84
0.0019357,-4.1564e+83,-5.0346e+83
0.027264,-7.552e+84,-9.1475e+84
0.009158,1.9599e+85,2.3739e+85
0.0032688,1.7931e+85,2.1719e+85
0.1405,-2.1498e+86,-2.604e+86
0.0018251,3.2304e+84,3.9129e+84
0.028143,8.8119e+85,1.0674e+86
0.00095003,-5.4532e+84,-6.6054e+84
0.015229,-1.1732e+84,-1.421e+84
0.041947,1.0837e+86,1.3126e+86
0.032094,3.1064e+85,3.7627e+85
0.0029125,-3.7779e+84,-4.576e+84
0.0019668,-4.2153e+84,-5.1059e+84
0.0018576,-2.0764e+84,-2.515e+84
0.0009841,7.0085e+84,8.4893e+84
0.00023021,2.0428e+84,2.4744e+84
0.0071094,2.951e+85,3.5745e+85
0.0021465,-3.5739e+84,-4.329e+84
0.0068354,4.2855e+84,5.1909e+84
0.0007954,3.6466e+84,4.4171e+84
0.00097672,1.342e+85,1.6256e+85
0.0031036,-1.6848e+85,-2.0408e+85
-1.1005e-181,-0.04616,0.1
0.0022054,-3.6033e+84,-4.3646e+84
0.0024533,9.0195e+84,1.0925e+85
0.0027125,4.3338e+84,5.2494e+84
-1.3321e-181,-0.0022716,0.083456
0.0027932,-1.3874e+84,-1.6805e+84
0.00080484,3.6244e+84,4.3901e+84
0.007303,-1.035e+85,-1.2536e+85
0.0022054,-3.6033e+84,-4.3646e+84
-7.9255e-182,0.091124,0.12814
0.0018581,-8.5157e+84,-1.0315e+85
0.0021589,1.3246e+85,1.6044e+85
0.0012802,8.107e+84,9.8198e+84
0.0051533,2.6692e+85,3.2331e+85
0.0017611,-9.0988e+84,-1.1021e+85
0.0022293,1.3731e+85,1.6632e+85
0.0086734,-1.6656e+85,-2.0175e+85
2.1947e-181,0.13033,-0.20649
0.00667,3.6117e+85,4.3747e+85
0.0075276,1.0874e+85,1.3172e+85
0.00081799,-4.0945e+84,-4.9595e+84
0.0016542,-8.3819e+84,-1.0153e+85
0.013022,1.4976e+85,1.814e+85
3.4072e-181,-0.10053,-0.1657
0.002556,1.8266e+85,2.2125e+85
0.0037289,-4.2015e+84,-5.0892e+84
0.0014085,6.5178e+84,7.8949e+84
0.0023926,1.3526e+85,1.6384e+85
0.0011546,5.8329e+84,7.0653e+84
0.0016424,-2.8894e+84,-3.4999e+84
0.0012586,-2.0536e+84,-2.4874e+84
0.0023802,-1.5746e+85,-1.9073e+85
0.0020109,-3.6068e+84,-4.3688e+84
0.0031222,-1.3205e+85,-1.5995e+85
0.019417,-8.6522e+85,-1.048e+86
-4.1117e-182,0.055738,0.12512
-2.8788e-182,0.073442,0.096395
0.0038999,-5.1075e+83,-6.1866e+83
0.010164,5.1066e+85,6.1854e+85
-2.0952e-181,0.11716,-0.018651
0.018713,-8.6561e+85,-1.0485e+86
-1.573e-181,0.15983,0.18143
0.00080484,3.6244e+84,4.3901e+84
1.6097e-181,-0.28127,-0.13444
0.018056,4.5295e+85,5.4865e+85
0.0066183,3.3694e+85,4.0813e+85
0.0065964,3.8317e+85,4.6412e+85
2.5792e-05,1.3783e+83,1.6695e+83
0.0012159,-2.3879e+84,-2.8923e+84
0.00076842,4.3216e+84,5.2347e+84
0.0027006,-1.1521e+84,-1.3955e+84
0.0042543,1.8288e+84,2.2151e+84
0.00058919,3.1217e+84,3.7812e+84
-1.4456e-181,-0.081939,0.19381
0.00071135,4.5908e+84,5.5607e+84
0.00013434,9.966e+83,1.2072e+84
-1.9951e-181,-0.083018,-0.072277
6.7946e-182,-0.061152,0.0065139
0.0011014,-6.79e+84,-8.2246e+84
4.6964e-181,-0.22385,-0.21644
0.00043846,2.085e+84,2.5255e+84
0.024164,6.1065e+85,7.3967e+85
0.0043972,1.2624e+85,1.5291e+85
0.0033958,1.2362e+85,1.4974e+85
0.00036088,3.4005e+84,4.1189e+84
2.7342e-181,-0.18905,-0.11517
0.00021266,1.6584e+84,2.0088e+84
0.0023832,1.3105e+85,1.5873e+85
0.0034498,5.8897e+84,7.134e+84
0.00036619,4.0674e+84,4.9267e+84
-4.0525e-182,0.18313,-0.026276
0.0039823,-1.0345e+85,-1.2531e+85
0.0060662,-2.1355e+84,-2.5867e+84
0.00082863,5.219e+84,6.3216e+84
0.0011549,8.6014e+84,1.0419e+85
0.0026274,5.9308e+84,7.1838e+84
0.0019998,2.2953e+84,2.7802e+84
0.000128,8.9922e+82,1.0892e+83
-1.358e-181,0.090087,0.015902
7.1822e-182,0.077893,-0.035291
0.0037386,1.2728e+84,1.5417e+84
0.014818,-6.2182e+85,-7.532e+85
0.0010443,-6.1865e+84,-7.4935e+84
0.0049889,-2.7087e+85,-3.281e+85
0.004762,3.5954e+85,4.355e+85
0.001493,-3.4748e+84,-4.209e+84
-1.3546e-181,0.0658,-0.10768
0.00092288,5.7494e+84,6.9641e+84
0.0015576,1.3734e+85,1.6636e+85
0.0011873,-7.3238e+84,-8.8712e+84
0.00066463,1.1735e+84,1.4214e+84
0.0016424,-2.8894e+84,-3.4999e+84
0.0011014,-6.79e+84,-8.2246e+84
0.0033989,-2.0853e+85,-2.5259e+85
0.0065136,-2.0561e+85,-2.4905e+85
0.0031413,-1.3696e+85,-1.6589e+85
4.2262e-05,3.178e+83,3.8494e+83
0.0038634,8.4396e+84,1.0223e+85
0.0065448,2.6524e+85,3.2128e+85
0.0024786,-8.2419e+83,-9.9832e+83
0.00091759,4.3599e+84,5.2811e+84
0.00092288,5.7494e+84,6.9641e+84
0.064513,4.0648e+86,4.9236e+86
1.5089e-181,0.12094,-0.080266
0.0042432,2.7464e+85,3.3266e+85
0.0037402,2.1534e+85,2.6084e+85
0.12002,-2.391e+86,-2.8961e+86
0.0023557,-5.077e+84,-6.1497e+84
3.9805e-182,0.24689,-0.00071779
0.0013868,8.2599e+84,1.0005e+85
0.017268,1.0536e+86,1.2762e+86
0.00061941,-1.3858e+84,-1.6786e+84
0.0026991,7.0406e+84,8.5281e+84
0.48812,-1.3852e+87,-1.6779e+87
0.00075825,-4.9431e+84,-5.9875e+84
0.0012333,-7.135e+84,-8.6424e+84
0.0015633,-8.233e+84,-9.9724e+84
8.5263e-05,-5.0305e+83,-6.0933e+83
0.024649,1.2742e+86,1.5434e+86
7.3571e-182,-0.038469,-0.05897
0.00016506,1.0754e+84,1.3026e+84
0.00542,1.0478e+85,1.2692e+85
0.058674,-2.1454e+86,-2.5987e+86
0.008453,-9.9247e+84,-1.2022e+85
0.0007954,3.6466e+84,4.4171e+84
-1.5583e-181,-0.033901,0.24955
0.002238,1.4276e+85,1.7293e+85
0.020783,1.9989e+86,2.4212e+86
0.00010432,8.2494e+83,9.9922e+83
5.546e-182,-0.10741,-0.029536
0.0016459,5.559e+84,6.7335e+84
0.001552,-8.8768e+84,-1.0752e+85
0.006088,3.6988e+84,4.4802e+84
0.00066463,1.1735e+84,1.4214e+84
1.3295e-181,0.029575,-0.19836
0.00097995,-6.1542e+84,-7.4544e+84
1.2521e-181,-0.094413,0.13252
0.0036155,2.1248e+85,2.5737e+85
0.0012524,5.4225e+84,6.5682e+84
0.0014281,5.3246e+84,6.4495e+84
0.0015527,9.2127e+83,1.1159e+84
0.0074596,4.5671e+85,5.532e+85
0.0012724,8.3654e+84,1.0133e+85
0.0038357,4.4955e+84,5.4453e+84
0.0016097,7.2487e+84,8.7802e+84
0.0072339,-3.3128e+85,-4.0127e+85
0.00093806,5.5069e+84,6.6703e+84
0.0015194,4.7473e+84,5.7503e+84
-1.726e-181,-0.042438,0.1106
-1.2875e-181,0.094863,-0.0099796
-1.3799e-181,0.21812,0.0060599
0.0037671,-6.1197e+84,-7.4127e+84
0.0062782,4.8262e+84,5.8458e+84
1.9575e-181,-0.048337,-0.0323
0.00099539,-7.35e+84,-8.9029e+84
0.00017828,1.2388e+84,1.5005e+84
0.0013208,8.3987e+84,1.0173e+85
0.0030683,-1.6441e+85,-1.9914e+85
0.0062582,1.6691e+83,2.0218e+83
0.00099727,4.5873e+84,5.5565e+84
2.38e-181,0.019725,-0.072096
0.0048704,1.7949e+85,2.1741e+85
0.00058919,3.1217e+84,3.7812e+84
0.0072419,-3.151e+84,-3.8168e+84
3.8984e-182,-0.026958,0.11756
0.0041311,-1.5586e+85,-1.8879e+85
0.0020027,-3.1546e+84,-3.821e+84
0.0012724,8.3654e+84,1.0133e+85
-2.0558e-181,-0.0062291,0.29211
0.055811,4.2542e+86,5.1529e+86
0.0018835,4.3305e+84,5.2454e+84
0.00099523,-2.7309e+83,-3.3078e+83
0.0030162,1.8645e+85,2.2584e+85
0.0018302,-3.308e+84,-4.0069e+84
9.3028e-05,7.3462e+83,8.8983e+83
0.00082786,-3.9515e+84,-4.7864e+84
0.00012774,8.3669e+83,1.0135e+84
0.0028662,3.8522e+84,4.6661e+84
0.000128,8.9922e+82,1.0892e+83
0.0044579,5.4326e+84,6.5804e+84
0.013352,-5.1621e+85,-6.2527e+85
0.00038178,-7.1774e+83,-8.6938e+83
0.00094734,5.2594e+84,6.3705e+84
0.027967,3.9613e+85,4.7982e+85
2.4568e-181,-0.13826,-0.23408
0.0012686,1.5339e+85,1.858e+85
0.0029077,-1.0683e+85,-1.294e+85
0.5833,1.5693e+87,1.9009e+87
0.0055402,2.0202e+85,2.447e+85
4.276e-05,1.8365e+83,2.2246e+83
0.0024223,-1.3508e+85,-1.6362e+85
0.017877,-4.8577e+85,-5.8839e+85
0.001652,7.2218e+84,8.7476e+84
0.03945,7.6352e+85,9.2483e+85
0.0061335,4.0528e+84,4.909e+84
2.0712e-181,0.049494,-0.038697
3.7495e-05,2.3819e+83,2.8851e+83
1.0862e-181,0.0022009,-0.01525
0.0026014,8.5861e+83,1.04e+84
0.027324,1.0596e+86,1.2835e+86
0.0015533,2.8282e+84,3.4257e+84
5.6722e-05,3.3879e+83,4.1036e+83
0.0068799,1.4313e+85,1.7337e+85
0.0038874,-1.3444e+85,-1.6285e+85
-9.9647e-182,0.013928,0.033333
0.0023799,1.3725e+85,1.6625e+85
0.00091759,4.3599e+84,5.2811e+84
0.00106,-6.9228e+84,-8.3854e+84
4.0041e-05,1.0201e+83,1.2356e+83
0.0097725,-4.7377e+84,-5.7387e+84
0.0042114,1.8715e+85,2.2669e+85
1.8912e-182,-0.024266,0.068928
0.01116,-1.9094e+85,-2.3128e+85
0.001292,-2.4656e+84,-2.9865e+84
0.0050752,-7.492e+83,-9.0749e+83
0.0022293,1.3731e+85,1.6632e+85
0.0014951,7.6806e+84,9.3033e+84
0.0078375,9.0279e+83,1.0935e+84
0.00053186,3.7466e+84,4.5382e+84
0.0026359,-3.4163e+84,-4.1381e+84
0.00099727,4.5873e+84,5.5565e+84
0.00099727,4.5873e+84,5.5565e+84
0.0009841,7.0085e+84,8.4893e+84
0.010817,-5.2224e+85,-6.3257e+85
1.4948e-181,0.041264,-0.18658
0.0023358,1.5102e+85,1.8293e+85
0.011303,-3.8671e+85,-4.6841e+85
0.013037,-1.321e+85,-1.6001e+85
0.00027849,2.0964e+84,2.5394e+84
0.0029631,-1.9297e+85,-2.3373e+85
0.0017767,-1.0581e+85,-1.2817e+85
0.0011302,5.627e+84,6.8159e+84
0.032578,-4.0889e+85,-4.9528e+85
0.0012701,8.0607e+84,9.7638e+84
0.0020088,4.0151e+84,4.8634e+84
0.0071081,-1.8011e+85,-2.1816e+85
0.0023799,1.3725e+85,1.6625e+85
0.00080484,3.6244e+84,4.3901e+84
0.0014281,5.3246e+84,6.4495e+84
0.01338,-1.7968e+85,-2.1765e+85
0.0007954,3.6466e+84,4.4171e+84
0.0011853,-7.8103e+84,-9.4604e+84
0.0026014,8.5861e+83,1.04e+84
0.00073775,5.0009e+84,6.0574e+84
0.010324,4.3316e+85,5.2468e+85
0.00031402,1.8543e+84,2.2461e+84
0.0027118,4.9091e+84,5.9462e+84
7.9051e-182,-0.066228,-0.035514
0.0064224,-2.2323e+84,-2.704e+84
0.027386,6.7641e+85,8.1932e+85
0.0048399,7.3102e+83,8.8547e+83
0.038689,1.0303e+86,1.248e+86
0.032603,1.3969e+86,1.6921e+86
0.0013066,-2.4679e+84,-2.9893e+84
1.4002e-05,1.8748e+83,2.2708e+83
3.3521e-182,-0.14347,0.079325
0.021308,1.1013e+86,1.3339e+86
0.0013208,8.3987e+84,1.0173e+85
0.020788,-4.1614e+85,-5.0405e+85
0.016162,-9.3157e+84,-1.1284e+85
0.01269,-2.6987e+85,-3.2689e+85
0.0062046,-3.1347e+85,-3.797e+85
0.0026951,-6.2957e+84,-7.6258e+84
0.0076014,-7.5926e+84,-9.1967e+84
0.0086755,-6.5384e+84,-7.9198e+84
0.0018245,-3.0113e+84,-3.6475e+84
0.0014016,3.8569e+84,4.6717e+84
2.4059e-181,0.18428,-0.22097
0.00075029,5.6808e+84,6.881e+84
-2.6625e-182,-0.18377,0.23867
0.016802,2.5688e+85,3.1115e+85
0.0059707,1.8024e+84,2.1832e+84
0.0012555,-6.0671e+84,-7.349e+84
0.00098353,-2.427e+83,-2.9398e+83
0.0021063,2.9702e+84,3.5977e+84
-1.0974e-181,0.13094,0.17723
0.0022863,-6.581e+84,-7.9714e+84
0.0029895,4.7564e+84,5.7613e+84
0.001886,-2.1041e+84,-2.5487e+84
0.0047295,1.5785e+85,1.912e+85
2.6638e-05,1.3173e+83,1.5956e+83
0.0042784,2.124e+84,2.5728e+84
1.9265e-05,1.2616e+83,1.5282e+83
4.2721e-181,-0.11913,-0.14725
0.0057459,7.7031e+84,9.3305e+84
0.00081799,-4.0945e+84,-4.9595e+84
-8.1261e-182,0.04011,0.047507
1.2345e-181,-0.068298,-0.071426
0.0073501,7.1893e+84,8.7082e+84
0.0020109,-3.6068e+84,-4.3688e+84
0.018977,9.112e+85,1.1037e+86
0.0013208,8.3987e+84,1.0173e+85
0.0019818,-3.9635e+84,-4.8009e+84
0.0010422,6.2898e+84,7.6186e+84
0.012111,3.897e+85,4.7203e+85
0.0044646,1.2363e+85,1.4975e+85
0.0040247,4.4651e+84,5.4085e+84
0.00068649,4.0368e+84,4.8896e+84
0.087108,7.6841e+86,9.3076e+86
0.0073191,-1.4816e+84,-1.7946e+84
0.0011275,-6.1571e+84,-7.4579e+84
0.032786,-8.7725e+85,-1.0626e+86
1.9765e-05,1.0722e+83,1.2987e+83
0.0012778,1.0016e+85,1.2132e+85
0.0022778,-1.3943e+85,-1.6889e+85
4.2262e-05,3.178e+83,3.8494e+83
0.0047298,4.4488e+85,5.3888e+85
2.1534e-05,1.7612e+83,2.1333e+83
0.00069389,-3.0795e+84,-3.7301e+84
2.6638e-05,1.3173e+83,1.5956e+83
0.0047282,9.1464e+84,1.1079e+85
3.2973e-05,3.0905e+83,3.7434e+83
0.0011853,-7.8103e+84,-9.4604e+84
0.00043978,-2.7287e+84,-3.3052e+84
0.010458,3.5233e+85,4.2676e+85
0.008702,-2.7333e+85,-3.3108e+85
0.0026485,-1.6472e+85,-1.9952e+85
0.0075845,-4.2115e+84,-5.1013e+84
-2.8159e-181,0.21844,0.31245
0.00072899,-1.6524e+84,-2.0015e+84
0.0019653,-6.3287e+84,-7.6658e+84
0.00011737,2.2772e+83,2.7583e+83
0.03039,1.6974e+85,2.0561e+85
0.0075143,1.002e+85,1.2137e+85
2.05e-181,-0.14494,-0.023182
0.0015223,4.3231e+84,5.2365e+84
0.0018641,9.4197e+84,1.141e+85
0.0017159,1.0256e+85,1.2423e+85
0.008904,-5.1153e+84,-6.1961e+84
0.0022054,-3.6033e+84,-4.3646e+84
0.00080484,3.6244e+84,4.3901e+84
0.00051104,-1.7302e+84,-2.0957e+84
0.013526,4.6226e+85,5.5993e+85
1.7662e-06,-1.6642e+82,-2.0157e+82
0.012323,-1.1217e+85,-1.3587e+85
0.0048914,4.2116e+84,5.1014e+84
0.013531,4.4947e+85,5.4443e+85
3.8961e-184,-0.091745,0.16154
0.00056935,3.9848e+84,4.8267e+84
0.0055511,-2.0437e+84,-2.4754e+84
0.0041028,1.5093e+85,1.8282e+85
0.0011302,5.627e+84,6.8159e+84
0.0022293,1.3731e+85,1.6632e+85
0.0022293,1.3731e+85,1.6632e+85
0.012526,1.4502e+85,1.7566e+85
0.00068411,5.2531e+84,6.3629e+84
0.0015525,-7.9751e+84,-9.66e+84
0.0014281,5.3246e+84,6.4495e+84
0.00061602,3.996e+84,4.8403e+84
-1.4649e-181,0.073766,0.0002469
0.0026014,8.5861e+83,1.04e+84
0.0014474,7.1791e+84,8.6958e+84
0.006088,3.6988e+84,4.4802e+84
0.0041907,-8.5719e+84,-1.0383e+85
0.0030898,-2.6486e+84,-3.2082e+84
0.0019668,-4.2153e+84,-5.1059e+84
0.0011546,5.8329e+84,7.0653e+84
0.0025304,1.4043e+85,1.701e+85
0.0068524,3.8549e+85,4.6694e+85
-6.8452e-182,0.014367,0.26492
-2.8528e-181,0.28208,0.02179
0.0020736,1.1944e+85,1.4467e+85
-9.0837e-182,0.12941,0.13464
0.00048408,3.2528e+84,3.94e+84
0.0036011,6.8539e+84,8.302e+84
0.0013734,8.7728e+84,1.0626e+85
0.0051791,-1.9763e+84,-2.3938e+84
0.01725,7.4065e+85,8.9713e+85
0.0022943,-1.3598e+85,-1.6471e+85
0.0012288,9.2492e+84,1.1203e+85
-7.7273e-183,-0.091427,0.16268
-2.0488e-181,0.054077,0.058305
0.0025603,1.4358e+85,1.7392e+85
8.9697e-05,6.4845e+83,7.8545e+83
0.0086641,6.5769e+85,7.9665e+85
-6.9665e-182,-0.17667,0.027441
1.1115e-182,0.21261,0.0015404
0.0014965,-7.9103e+84,-9.5815e+84
3.319e-05,1.4989e+83,1.8156e+83
0.0059337,1.9081e+85,2.3113e+85
0.0092473,-2.5114e+85,-3.042e+85
0.002901,8.6259e+84,1.0448e+85
0.00081799,-4.0945e+84,-4.9595e+84
0.0011196,-6.1216e+84,-7.415e+84
0.006088,3.6988e+84,4.4802e+84
0.0054373,4.7086e+84,5.7034e+84
0.0036078,1.4683e+83,1.7785e+83
0.039313,2.2736e+86,2.7539e+86
0.0028205,-1.0265e+84,-1.2433e+84
0.0014967,-7.9772e+84,-9.6626e+84
0.040709,2.7528e+86,3.3344e+86
0.0019127,-4.2918e+83,-5.1985e+83
0.0020595,1.0794e+85,1.3074e+85
0.0017268,5.954e+83,7.212e+83
0.0090309,-9.9234e+84,-1.202e+85
0.0038396,3.5169e+84,4.26e+84
0.0025066,-9.2518e+84,-1.1206e+85
0.0020109,-3.6068e+84,-4.3688e+84
0.061166,-2.2837e+86,-2.7662e+86
0.00010627,-4.4093e+83,-5.3409e+83
0.0017268,5.954e+83,7.212e+83
0.072103,2.5347e+86,3.0702e+86
0.003826,4.1231e+84,4.9943e+84
0.00099523,-2.7309e+83,-3.3078e+83
3.319e-05,1.4989e+83,1.8156e+83
0.0013339,9.2996e+84,1.1264e+85
-2.4808e-181,0.051103,0.16727
0.0013996,-7.4237e+84,-8.9921e+84
0.0030804,-1.5429e+85,-1.8689e+85
0.0049407,2.6946e+85,3.2638e+85
0.017251,-1.7894e+85,-2.1674e+85
0.0017268,5.954e+83,7.212e+83
0.0035832,-9.2597e+83,-1.1216e+84
0.0464,2.1791e+86,2.6395e+86
0.00015012,1.5394e+82,1.8647e+82
-1.4112e-181,0.19837,0.13707
-8.7162e-183,-0.021088,-0.061241
0.006088,3.6988e+84,4.4802e+84
0.0012591,3.8647e+83,4.6812e+83
0.00022761,2.6411e+84,3.1991e+84
0.00038412,1.4055e+84,1.7024e+84
0.012732,7.7182e+85,9.3488e+85
0.014735,7.7755e+85,9.4183e+85
0.0014912,-3.451e+84,-4.1801e+84
0.062679,-2.1167e+86,-2.5639e+86
0.0056804,-7.193e+84,-8.7127e+84
-1.1916e-181,0.092074,0.071176
0.0089219,-3.518e+85,-4.2612e+85
0.0013208,8.3987e+84,1.0173e+85
0.040538,1.8136e+86,2.1968e+86
0.062395,4.1898e+85,5.075e+85
0.0029975,-1.1913e+82,-1.443e+82
-1.2988e-181,-0.11913,0.24979
0.000128,8.9922e+82,1.0892e+83
0.022589,-8.7295e+85,-1.0574e+86
0.0015576,1.3734e+85,1.6636e+85
4.3068e-05,3.5224e+83,4.2665e+83
0.0018302,-3.308e+84,-4.0069e+84
0.00081799,-4.0945e+84,-4.9595e+84
0.00068649,4.0368e+84,4.8896e+84
-1.4899e-181,0.17789,-0.12572
1.3362e-05,-4.0854e+82,-4.9485e+82
3.1175e-05,3.0155e+83,3.6526e+83
0.0049775,-1.0017e+85,-1.2134e+85
0.0054521,1.5545e+85,1.883e+85
0.00073491,3.0017e+84,3.6358e+84
0.002241,-3.6175e+84,-4.3818e+84
3.026e-181,-0.12504,-0.081415
0.0035282,1.8942e+85,2.2944e+85
0.0015221,-8.3783e+84,-1.0148e+85
0.0098203,3.9586e+85,4.7949e+85
0.00043978,-2.7287e+84,-3.3052e+84
0.0017749,-9.7432e+84,-1.1802e+85
0.0011263,5.1936e+84,6.2909e+84
0.0039049,6.2742e+84,7.5997e+84
0.0084201,9.462e+84,1.1461e+85
0.00020526,1.6874e+84,2.0439e+84
0.11255,-3.6661e+86,-4.4406e+86
0.014631,-2.8874e+85,-3.4975e+85
0.00011737,8.1696e+83,9.8957e+83
-3.9553e-181,0.056966,0.14301
0.0027783,-3.0016e+84,-3.6357e+84
0.0014016,3.8569e+84,4.6717e+84
0.00094734,5.2594e+84,6.3705e+84
0.032609,-2.3854e+85,-2.8894e+85
0.0042511,8.8655e+84,1.0739e+85
0.033344,1.1616e+86,1.407e+86
0.0010225,2.1466e+83,2.6001e+83
0.00201,-1.2941e+85,-1.5675e+85
0.0109,3.9515e+85,4.7864e+85
0.001671,1.6506e+85,1.9993e+85
0.0011991,4.1557e+84,5.0337e+84
0.024036,1.3936e+86,1.6881e+86
-1.992e-181,-0.0051943,0.017105
0.0011578,-7.5658e+84,-9.1643e+84
3.2854e-181,-0.083767,-0.20209
0.00069389,-3.0795e+84,-3.7301e+84
0.0026359,-3.4163e+84,-4.1381e+84
0.0011873,-7.3238e+84,-8.8712e+84
0.0042055,1.0339e+85,1.2524e+85
0.00064389,-3.6915e+84,-4.4715e+84
0.00038178,-7.1774e+83,-8.6938e+83
0.0007219,7.1536e+83,8.6649e+83
0.005773,-1.4971e+84,-1.8134e+84
1.3785e-181,0.076171,0.032751
0.0015075,-7.8879e+84,-9.5544e+84
0.0012778,1.0016e+85,1.2132e+85
0.0014118,6.5024e+84,7.8762e+84
3.7197e-182,0.12726,0.025019
0.0061455,3.9981e+84,4.8428e+84
0.00088835,-5.2907e+84,-6.4085e+84
0.00081144,7.219e+84,8.7442e+84
0.0074809,-2.1868e+85,-2.6489e+85
0.0023383,1.1155e+84,1.3512e+84
0.012343,4.1695e+85,5.0504e+85
0.00019094,1.332e+84,1.6134e+84
0.0076306,1.3178e+85,1.5962e+85
0.0005452,4.0868e+84,4.9502e+84
0.0022293,1.3731e+85,1.6632e+85
1.5515e-181,-0.086629,0.14707
0.00071135,4.5908e+84,5.5607e+84
0.0077496,-3.9542e+85,-4.7896e+85
0.0041032,-7.6332e+84,-9.2459e+84
0.0024786,-8.2419e+83,-9.9832e+83
0.0045259,-4.8797e+84,-5.9107e+84
0.0013984,8.0625e+84,9.7659e+84
0.05162,7.9654e+85,9.6483e+85
0.0014281,5.3246e+84,6.4495e+84
4.7112e-05,4.3188e+83,5.2312e+83
0.0024786,-8.2419e+83,-9.9832e+83
1.1723e-181,-0.14605,0.00028609
0.019865,1.0866e+86,1.3162e+86
-2.2093e-181,0.19254,0.1245
0.012111,3.897e+85,4.7203e+85
0.0056643,-8.0808e+83,-9.788e+83
0.001774,-2.3249e+83,-2.816e+83
9.219e-182,-0.0068983,0.080143
0.00080988,9.4197e+84,1.141e+85
0.1288,2.0125e+86,2.4377e+86
0.034096,1.2677e+86,1.5355e+86
0.0035151,-1.1641e+85,-1.41e+85
0.015633,-2.1888e+85,-2.6512e+85
0.0053403,-1.5607e+83,-1.8904e+83
0.00089311,4.6605e+84,5.6451e+84
0.003787,-1.929e+85,-2.3366e+85
-1.6036e-181,0.03583,0.058873
0.020852,-1.5044e+85,-1.8222e+85
0.0011853,-7.8103e+84,-9.4604e+84
3.4907e-181,-0.29346,-0.16762
0.017206,-4.6346e+84,-5.6137e+84
0.031682,1.0489e+85,1.2705e+85
0.0074772,2.5455e+84,3.0833e+84
-3.4417e-182,0.016559,-0.042086
0.0026207,1.8521e+85,2.2434e+85
0.0014337,-7.6631e+84,-9.2822e+84
0.0034955,-1.2789e+85,-1.5491e+85
0.0031217,-7.2878e+84,-8.8275e+84
-1.8124e-181,0.086968,0.1522
0.0074177,-1.3192e+84,-1.5979e+84
8.4078e-182,-0.12648,-0.15264
0.0012778,1.0016e+85,1.2132e+85
-2.7054e-181,0.20784,0.13566
0.043427,4.1341e+86,5.0075e+86
0.0011761,-7.3671e+84,-8.9236e+84
0.00072314,4.2432e+84,5.1397e+84
9.4495e-05,6.1551e+83,7.4556e+83
0.0023799,1.3725e+85,1.6625e+85
0.006088,3.6988e+84,4.4802e+84
0.012355,5.6126e+85,6.7984e+85
0.0043164,-1.4727e+85,-1.7838e+85
0.0040275,3.3764e+85,4.0897e+85
0.0033463,5.3779e+84,6.5141e+84
0.00094379,-3.4018e+84,-4.1205e+84
0.0033922,2.2785e+85,2.7598e+85
0.00078856,4.8977e+84,5.9325e+84
0.004988,3.0987e+85,3.7533e+85
2.2625e-181,-0.13204,-0.10403
-3.2396e-181,0.26377,0.23935
0.0013996,-7.4237e+84,-8.9921e+84
0.14553,-2.0716e+86,-2.5093e+86
0.0056078,-7.912e+84,-9.5836e+84
0.04018,-7.0368e+85,-8.5235e+85
0.00053183,-2.6163e+84,-3.1691e+84
1.7127e-181,-0.0040598,-0.15755
3.9287e-181,-0.2635,-0.25628
0.0010551,-2.3997e+84,-2.9066e+84
0.00051197,3.3415e+84,4.0475e+84
0.0023391,-5.2912e+83,-6.4091e+83
0.00066463,1.1735e+84,1.4214e+84
0.00073491,3.0017e+84,3.6358e+84
0.00066463,1.1735e+84,1.4214e+84
0.0024506,1.0202e+85,1.2357e+85
0.0010191,1.4493e+84,1.7555e+84
0.0010032,3.0234e+84,3.6622e+84
0.0011302,5.627e+84,6.8159e+84
0.0027006,-1.1521e+84,-1.3955e+84
0.0043504,-1.6137e+85,-1.9546e+85
-2.6742e-181,0.25579,0.13418
0.00022761,2.6411e+84,3.1991e+84
0.0025885,-1.3557e+85,-1.6421e+85
0.018621,7.2269e+85,8.7538e+85
0.00022014,4.6599e+84,5.6444e+84
0.0036637,-1.0658e+85,-1.291e+85
0.0014572,-1.0925e+85,-1.3233e+85
0.022782,-8.363e+85,-1.013e+86
1.1572e-181,-0.16673,-0.20364
0.0041733,3.1923e+84,3.8668e+84
0.0028341,1.6968e+85,2.0553e+85
0.019569,9.7908e+85,1.1859e+86
0.0024712,-2.629e+84,-3.1844e+84
0.0024712,-2.629e+84,-3.1844e+84
0.0054221,2.4959e+85,3.0232e+85
0.00094379,-3.4018e+84,-4.1205e+84
0.0044108,-7.2067e+84,-8.7292e+84
-6.1865e-182,0.011207,0.07447
0.016539,-8.1676e+84,-9.8932e+84
0.001886,-2.1041e+84,-2.5487e+84
0.0015509,1.331e+85,1.6122e+85
0.024559,1.37e+86,1.6595e+86
0.0016358,8.9143e+84,1.0798e+85
0.0014085,6.5178e+84,7.8949e+84
0.00091759,4.3599e+84,5.2811e+84
0.010715,-2.7789e+85,-3.366e+85
0.0067591,6.7269e+84,8.1482e+84
0.0011446,-3.3867e+84,-4.1022e+84
0.00035164,2.1444e+84,2.5975e+84
0.0022293,1.3731e+85,1.6632e+85
0.0062221,9.561e+84,1.1581e+85
0.00099806,-5.573e+84,-6.7505e+84
0.0021371,-3.7455e+84,-4.5368e+84
0.00052485,-3.4848e+83,-4.221e+83
0.001835,-3.4949e+84,-4.2333e+84
0.011426,9.9238e+84,1.202e+85
2.1057e-181,-0.097025,-0.21375
-3.4589e-182,0.055558,0.026306
0.0024786,-8.2419e+83,-9.9832e+83
0.036328,1.0374e+86,1.2566e+86
0.0032144,-1.1646e+85,-1.4106e+85
3.6807e-05,1.207e+83,1.4621e+83
0.00019156,1.4031e+84,1.6995e+84
7.4712e-05,2.4271e+83,2.9399e+83
9.5618e-183,-0.043658,0.01321
8.1261e-182,0.065131,0.00052624
0.006088,3.6988e+84,4.4802e+84
0.006088,3.6988e+84,4.4802e+84
0.0025143,1.0141e+85,1.2284e+85
0.0041406,-2.2434e+85,-2.7173e+85
0.0009963,-5.5564e+84,-6.7303e+84
0.0017349,-8.7809e+84,-1.0636e+85
0.00062415,4.0348e+84,4.8873e+84
1.8804e-181,-0.083568,-0.017424
0.0069694,-2.9598e+84,-3.5852e+84
0.00037486,3.0263e+84,3.6656e+84
9.3747e-182,0.055702,0.069156
0.0011302,5.627e+84,6.8159e+84
0.0369,1.3387e+86,1.6215e+86
0.00061941,-1.3858e+84,-1.6786e+84
0.0078417,1.4252e+85,1.7263e+85
0.00245,7.7126e+84,9.3421e+84
0.0011853,-7.8103e+84,-9.4604e+84
0.00178,-2.8089e+84,-3.4024e+84
0.0019226,-3.6909e+84,-4.4707e+84
0.059907,2.4949e+86,3.022e+86
0.0011991,4.1557e+84,5.0337e+84
0.00056054,4.4333e+84,5.37e+84
0.0086512,6.5644e+84,7.9513e+84
0.00094734,5.2594e+84,6.3705e+84
0.0011761,-7.3671e+84,-8.9236e+84
0.00017489,3.1156e+84,3.7738e+84
0.001774,-2.3249e+83,-2.816e+83
0.0010707,6.1392e+84,7.4362e+84
0.00013602,9.2098e+83,1.1156e+84
0.00029863,1.6931e+83,2.0509e+83
0.001835,-3.4949e+84,-4.2333e+84
0.0020154,-1.4521e+84,-1.7589e+84
0.00072899,-1.6524e+84,-2.0015e+84
-1.6454e-181,0.081334,0.039817
0.013244,-5.4701e+85,-6.6258e+85
0.00050093,-7.4054e+83,-8.9699e+83
0.0021465,-3.5739e+84,-4.329e+84
0.00066463,1.1735e+84,1.4214e+84
0.00092288,5.7494e+84,6.9641e+84
0.01072,-9.8634e+83,-1.1947e+84
0.0050695,9.7088e+84,1.176e+85
0.0012724,8.3654e+84,1.0133e+85
4.2262e-05,3.178e+83,3.8494e+83
2.42e-05,2.0419e+83,2.4733e+83
0.0012732,-7.0453e+84,-8.5338e+84
0.0038142,-6.4002e+84,-7.7524e+84
0.010255,1.469e+85,1.7794e+85
0.0081337,1.1674e+85,1.4141e+85
-1.9532e-181,0.16336,-0.0073402
0.0007954,3.6466e+84,4.4171e+84
0.00090232,-8.9903e+83,-1.089e+84
0.00011804,8.9919e+83,1.0892e+84
0.018616,5.9601e+85,7.2193e+85
0.00050093,-7.4054e+83,-8.9699e+83
0.0058743,-2.1213e+85,-2.5694e+85
2.42e-05,2.0419e+83,2.4733e+83
0.0072826,9.3319e+84,1.1303e+85
0.00035622,4.7784e+84,5.7879e+84
0.0007954,3.6466e+84,4.4171e+84
0.0011275,-6.1571e+84,-7.4579e+84
0.00059489,-3.8669e+84,-4.6839e+84
0.0009841,7.0085e+84,8.4893e+84
-2.4067e-181,-0.029633,0.02759
-1.5903e-181,0.28756,-0.0016201
0.0044625,5.0358e+85,6.0997e+85
0.0010793,5.7887e+84,7.0116e+84
0.00069389,-3.0795e+84,-3.7301e+84
0.0011578,-7.5658e+84,-9.1643e+84
0.00035426,7.4149e+84,8.9815e+84
0.0054059,-2.9199e+85,-3.5368e+85
0.0079859,-1.7561e+85,-2.1271e+85
0.0066666,1.8026e+85,2.1835e+85
-4.7995e-181,0.1386,0.15674
0.0026014,8.5861e+83,1.04e+84
0.00091109,-6.5645e+84,-7.9514e+84
0.0073313,1.92e+85,2.3256e+85
0.0014032,-8.024e+84,-9.7193e+84
0.0013687,-8.0671e+84,-9.7715e+84
0.0023075,1.4693e+85,1.7798e+85
1.8241e-181,-0.10123,-0.14689
0.00025055,-1.3342e+83,-1.6161e+83
0.00078149,-5.9299e+84,-7.1827e+84
0.0038778,3.6557e+84,4.4281e+84
0.0015988,9.5419e+84,1.1558e+85
0.0044498,-7.7901e+83,-9.436e+83
0.00099727,4.5873e+84,5.5565e+84
0.0023799,1.3725e+85,1.6625e+85
0.0075589,6.5757e+85,7.965e+85
0.0018245,-3.0113e+84,-3.6475e+84
0.0089251,-5.3379e+83,-6.4656e+83
0.011319,4.3341e+85,5.2497e+85
0.0041907,-8.5719e+84,-1.0383e+85
4.0041e-05,1.0201e+83,1.2356e+83
0.004167,3.8655e+85,4.6822e+85
9.1443e-05,5.4793e+83,6.637e+83
0.0015525,-7.9751e+84,-9.66e+84
0.0098915,1.9641e+85,2.379e+85
0.0094804,-4.9356e+84,-5.9784e+84
0.0026172,-1.2753e+85,-1.5448e+85
2.2029e-181,0.04819,-0.051859
1.1188e-182,0.074637,-0.070406
-5.8058e-182,0.21552,0.085977
0.43733,-1.3349e+87,-1.6169e+87
0.038507,1.4857e+86,1.7996e+86
0.00030365,-3.6797e+83,-4.4571e+83
0.0017164,-2.8649e+84,-3.4701e+84
1.8818e-181,-0.11507,-0.11923
0.0020027,-3.1546e+84,-3.821e+84
0.0037386,1.2728e+84,1.5417e+84
0.0047216,1.4069e+85,1.7041e+85
0.0038135,-7.7155e+84,-9.3456e+84
0.16839,1.0222e+87,1.2382e+87
0.028956,4.7864e+85,5.7977e+85
3.1908e-182,-0.050152,-0.091333
-1.9332e-181,0.10343,0.032333
-2.4574e-181,0.2485,0.20444
1.2411e-182,0.0039878,-0.0047796
0.0027708,1.4715e+85,1.7824e+85
0.0022133,1.1111e+85,1.3458e+85
0.0052873,-1.3136e+85,-1.5911e+85
0.1224,3.6245e+86,4.3902e+86
0.013383,3.9148e+84,4.7419e+84
0.001835,-3.4949e+84,-4.2333e+84
0.00066463,1.1735e+84,1.4214e+84
0.0031984,-1.066e+85,-1.2912e+85
0.0017163,6.4449e+84,7.8065e+84
1.9405e-05,-4.504e+82,-5.4555e+82
0.0032956,6.0386e+84,7.3144e+84
0.0020595,1.0794e+85,1.3074e+85
4.4448e-181,-0.073279,-0.34337
3.5495e-182,0.10456,0.026597
0.00049695,6.6983e+84,8.1135e+84
0.0037386,1.2728e+84,1.5417e+84
0.0022293,1.3731e+85,1.6632e+85
0.0010802,2.6739e+83,3.2388e+83
0.00038412,1.4055e+84,1.7024e+84
2.0882e-181,0.13686,-0.052109
0.00098431,4.8227e+84,5.8416e+84
0.0066042,-1.4335e+84,-1.7364e+84
0.048054,3.9994e+86,4.8443e+86
0.00021574,2.3212e+84,2.8116e+84
3.3543e-181,-0.11531,-0.2298
6.6716e-182,-0.072702,0.041299
0.022029,1.5275e+86,1.8503e+86
0.0048486,1.7031e+85,2.0629e+85
