-0.0024815,0.0020754,0.0024301
-0.00042414,0.00036028,0.0012814
-0.00023837,0.00077127,-0.001588
-1.1195e-179,-1.866e-87,-6.4073e-54
1.6498e-180,2.5456e-88,7.0033e-55
-0.0024067,-0.00069811,-0.0010944
-0.059912,0.026071,0.054422
4.3801e-180,6.5658e-88,1.5652e-54
-0.0010299,0.0021337,0.0036423
-2.5179e-05,2.4007e-05,3.2961e-05
-0.0049794,0.0011873,0.0065624
-0.014668,0.02777,-0.044712
-0.0047108,0.0069646,-0.011126
-0.0023682,-0.0016896,-0.00015679
-0.0015479,-0.0025004,-0.00071184
-0.00091775,0.0018005,0.0026361
-0.00088291,-0.00070363,-0.00029391
-0.0018905,-0.0040143,-0.0028772
-0.0050102,-0.0066987,-0.0037951
-0.0035418,-0.0066507,-0.0020734
-0.0024433,0.0025708,3.7433e-05
-0.0038448,-0.0029042,0.0011647
-1.3599e-179,-2.2835e-87,-7.814e-54
-0.0015102,-0.0021112,0.00035735
-0.0010285,0.0021734,0.00026771
-0.001951,-0.0012093,0.00060269
-0.008384,0.0091567,0.014356
-1.5634e-179,-2.5816e-87,-8.6904e-54
-0.0028727,0.00011394,-0.00039581
-0.011404,0.0027738,0.0014954
9.258e-180,1.4221e-87,4.8473e-54
-0.00093556,0.002234,0.0010682
-0.0085715,0.0010782,0.0040896
7.1741e-180,1.267e-87,4.7128e-54
-0.0007042,0.0013686,0.0015762
-0.0017486,-0.0029005,-0.0011144
-0.00081514,0.0011148,0.0020303
-0.0042296,0.00061027,0.00017246
-0.0060228,-0.0054529,0.0015103
-0.011032,-0.013902,-0.0056081
-0.0042296,0.00061027,0.00017246
-3.1033e-180,-5.9828e-88,-1.7849e-54
-2.4662e-05,6.2946e-05,0.00026869
-0.00013174,0.00027611,0.00068672
-0.00074318,0.0014862,0.0019636
-0.0019544,-0.0014286,-0.0018051
-0.0012489,-0.0023839,-0.00098123
-0.003252,-0.003102,7.086e-05
-0.0010651,-0.0019938,-0.00054107
-0.0015349,0.0035843,0.0016248
-0.00037307,0.0014236,-0.0020639
-0.0014603,-0.0026394,-0.0013156
-0.0062419,-0.010706,-0.0063307
-0.00089796,-0.0016413,-0.00073143
-0.012667,-0.026141,-0.014857
-0.00097807,-0.0019767,-0.00056862
-2.9662e-05,4.6312e-05,0.0001233
-0.0015312,-0.0012609,1.8872e-05
-0.0004511,-0.00093981,-0.00021867
-0.0033657,-0.00083778,0.0014
-0.0007042,0.0013686,0.0015762
-0.0013359,0.0024683,0.00025543
-0.045701,-0.0024611,0.0032749
-0.00092978,0.00028518,0.0007944
4.3034e-180,6.2088e-88,2.1827e-54
-0.0039297,-0.0015506,0.0020466
-0.0018812,-9.6254e-05,-0.00033582
-0.026776,-0.0012423,0.009256
-0.011261,0.0045419,0.002748
-0.0032496,0.0054543,0.0085712
-0.15691,-0.08323,-0.028994
-0.0017936,0.00098105,0.0008302
-0.024102,0.023783,0.045479
-0.00096094,-0.0017169,0.00010597
-0.010746,-0.0084413,0.0041564
-0.039385,0.029948,0.077427
-0.032356,0.0092652,0.038219
-0.0012644,-0.0021998,-0.00056983
-0.0019544,-0.0014286,-0.0018051
-0.0033966,-0.0035623,-0.001286
-0.00097773,0.0023314,0.0027248
-0.000227,0.0005653,0.0020804
-0.0047635,0.0048797,0.0067643
-0.0010329,-0.0024002,-0.0013264
-0.0067949,0.0013883,0.0059646
-0.00079957,0.0011684,0.0016291
-0.00086419,0.0030402,-0.0092449
-0.0031303,-0.0054354,-0.0020728
2.3599e-181,-1.4692e-89,2.3953e-55
-0.0021765,-0.0010751,0.00034888
-0.0028719,0.0030459,0.005911
-0.003259,0.0016342,0.0058347
1.0115e-179,1.6493e-87,5.6781e-54
-0.0027524,-0.00040784,0.002663
-0.00081514,0.0011148,0.0020303
-0.0084624,-0.0049678,0.0074795
-0.0021765,-0.0010751,0.00034888
1.287e-179,2.0353e-87,6.2198e-54
-0.0018352,-0.0026852,-0.00028978
-0.0021575,0.0044381,0.0027704
-0.0012618,0.0026902,0.0033521
-0.0049588,0.0084377,0.013969
-0.0017486,-0.0029005,-0.0011144
-0.0021766,0.0042759,0.0054925
-0.012045,-0.010216,-0.0013157
-0.001586,0.0049233,-0.0089575
-0.0073914,0.012368,0.027431
-0.0074699,0.0037487,0.0075842
-0.00083844,-0.0013253,-0.00059952
-0.0016827,-0.0026547,-0.00092732
-0.015318,0.0037427,0.011651
1.4887e-179,2.4301e-87,8.3737e-54
-0.0025494,0.0060749,0.0075056
-0.0038123,-0.00095392,0.0032282
-0.0013926,0.0021,0.0019554
-0.0023704,0.0044315,0.0046802
-0.0011431,0.0019634,0.0025706
-0.0066646,-0.0070727,-0.00042398
-0.0016136,-0.0011836,-0.0002904
-0.0024001,-0.0050079,-0.0020724
-0.0019913,-0.001112,0.00030899
-0.0023696,-0.0026012,0.0001908
-0.019499,-0.029635,-0.014486
8.1041e-180,1.3378e-87,4.1272e-54
-0.0002228,0.00068333,0.0019002
-0.0047016,0.0008516,0.003054
-0.010541,0.016214,0.032135
-9.2112e-180,-1.5722e-87,-5.1431e-54
-0.018466,-0.026164,-0.017219
-0.0017086,-0.00087111,0.00082767
-0.00081514,0.0011148,0.0020303
-0.0017086,-0.00087111,0.00082767
-0.016566,0.0096111,0.024768
-0.006543,0.010886,0.017161
-0.006936,0.012055,0.016321
-3.0293e-05,4.8805e-05,0.00019499
-0.0013579,-0.001009,-0.00014079
-0.00074113,0.0013842,0.0013698
-0.0026836,-0.0002865,0.0019557
-0.0042475,0.00061375,0.003766
-0.00060863,0.0011322,0.0012846
-2.4168e-180,-4.184e-88,-1.6464e-54
-4.7469e-180,-8.9274e-88,-3.225e-54
-0.00015757,0.0003393,0.00097089
-0.0011941,0.0023158,0.00019824
-9.7162e-180,-1.6479e-87,-6.0482e-54
-0.0011373,-0.0022072,-0.001054
6.4063e-180,1.0632e-87,3.5003e-54
-0.00047925,0.00054822,0.0020794
-0.024763,0.013029,0.017434
-0.0034182,0.0024403,0.0081248
-0.0028642,0.0044539,0.0098205
-0.00037786,0.00097066,-0.00089282
-1.7041e-179,-2.817e-87,-9.9846e-54
-0.000786,0.00085298,0.0029736
-0.0023705,0.003991,0.0046632
-0.0010578,-0.0025327,-0.0015046
-0.00038616,0.0012248,-0.0023521
-4.1751e-180,-7.4588e-88,-2.3483e-54
-0.0039546,-0.0032025,-0.00011725
-0.0059645,-0.00043398,0.0023973
-0.00040601,0.00071318,0.0024532
-0.0011249,0.0026602,0.00020855
-0.001287,0.0025614,0.0011296
-0.002107,0.0004781,0.0011442
-0.00012353,-1.1145e-06,-1.8531e-05
-4.4519e-180,-6.1572e-88,-1.8118e-54
-0.00033026,0.00020472,0.00095161
-0.0037283,0.0005858,0.0023266
-0.014936,-0.019917,-0.009345
-0.002324,-0.0041556,-0.0010471
-0.0050244,-0.0086026,-0.0033198
-0.0039887,0.0096374,-0.0012444
-0.0014992,-0.0011589,-0.0015054
1.892e-179,3.1105e-87,1.1299e-53
-0.00091428,0.0018565,0.0027627
-0.001589,0.0042459,-0.0067002
-0.0012489,-0.0023839,-0.00098123
-0.00070231,0.00028484,0.0014695
-0.0048225,-0.0042305,0.00062086
-0.0011373,-0.0022072,-0.001054
-0.0023129,-0.0044314,-0.0021287
-0.0065231,-0.0065413,-0.0018895
-0.0031905,-0.0043153,-0.00074195
-4.1596e-05,0.00011695,0.00045458
-0.0038575,0.0026437,0.0054528
-0.006561,0.0083604,0.011373
-0.0024469,-0.00027005,0.0026266
-0.00093257,0.0013909,0.0022079
-0.00091428,0.0018565,0.0027627
-0.068389,0.11884,-0.25183
-0.0015424,0.0019092,-2.0599e-05
-0.0041735,0.0089212,0.010121
-0.0029984,0.0052352,0.0058717
-0.12917,-0.094573,-0.07628
-0.0023306,-0.0015307,-7.5393e-05
-5.423e-180,-9.1574e-88,-2.8537e-54
-0.001368,0.0025447,0.0019161
-0.020424,0.039616,-0.052409
-0.00068892,-0.00056487,-0.00010924
-0.0031894,0.0024547,0.0056317
-0.4854,-0.43936,-0.071746
-0.00078307,-0.0016435,-0.00088668
-0.0012252,-0.0021914,-0.00061218
-0.0027429,-0.0010037,-0.0010515
-8.7242e-05,-0.00016309,-4.6282e-05
-0.026187,0.042422,0.093534
-0.00050025,-0.00025291,0.00031459
-0.00016934,0.00036847,0.0014192
-0.0062586,0.0050042,0.010848
-0.05876,-0.067462,-0.028104
-0.0085196,-0.0030189,-0.0004503
-0.0016207,0.0002616,0.0025064
-3.012e-181,-8.1934e-89,-5.422e-55
-0.0023013,0.0047904,0.00067951
-0.024176,0.06577,-0.12483
-9.8326e-05,0.00022988,0.00087316
-1.2595e-179,-2.1119e-87,-6.9556e-54
-0.0022346,0.003317,0.006023
8.4147e-180,1.373e-87,4.8015e-54
-0.0061246,0.0013483,0.001463
-0.00070231,0.00028484,0.0014695
-0.0018421,-0.0028421,-0.0010448
-0.0034151,-0.0030498,-0.00012054
-0.00011426,4.5654e-05,0.00032931
-0.0036067,0.0068832,0.0078432
-0.0012963,0.0016968,0.0035255
-0.0014452,0.0016305,-0.00043847
-0.0020238,0.0010951,-0.0011785
-0.0083054,0.016905,0.027132
-0.0012657,0.0027476,0.004106
-0.0038051,0.0014177,0.0014309
-0.0016303,0.0022295,0.0040607
-0.0066519,-0.010447,-0.0076428
-0.00091775,0.0018005,0.0026361
-0.0015832,0.0014123,0.0027311
-0.0018621,0.00093965,0.0014386
7.3548e-180,1.3011e-87,4.3795e-54
-8.8052e-181,-7.818e-89,-1.3967e-55
-0.0020268,-0.00091066,0.00068304
-0.0056864,0.00046144,-0.00032485
2.5214e-180,3.3996e-88,7.3246e-55
-0.0010011,-0.0023777,-0.0013837
-0.00019986,0.00042173,0.0011876
-0.001287,0.0025614,0.0011296
-0.0031039,-0.0052414,-0.0020869
-0.0074498,0.0022254,-0.0019877
-0.0010302,0.0013373,0.0029578
2.9629e-179,4.9033e-87,1.6886e-53
-0.003995,0.011737,-0.020718
-0.00060863,0.0011322,0.0012846
-0.0072686,-0.00076146,0.00086657
-0.0017086,-0.00087111,0.00082767
-0.004128,-0.0048067,-0.00060905
-0.0019855,-0.00088794,0.0008005
-0.0012657,0.0027476,0.004106
-0.0039918,0.010328,-0.0082326
-0.054807,0.12595,-0.24553
-0.0007666,8.6502e-06,0.0016851
-0.0011249,-0.00021829,0.0013498
-0.0032914,0.0069167,0.0044208
-0.0019887,-0.00068837,0.001912
-0.00011052,0.00023845,0.00059063
-1.0121e-179,-1.7727e-87,-5.9369e-54
-0.0010635,0.00057392,0.002086
-0.0030533,0.0020389,0.0014579
-0.00012353,-1.1145e-06,-1.8531e-05
-0.0027504,0.0020797,0.0014629
-0.012568,-0.021026,-0.010505
-0.00042656,-0.0002964,0.00017628
-0.00097752,0.0017075,-0.00011934
-0.032868,0.015668,0.010889
6.8731e-181,1.1365e-88,-5.306e-56
-0.0041132,0.011547,-0.016067
-0.0010651,-0.0019938,-0.00054107
-0.57446,0.52418,0.30455
-0.0080127,0.0089379,0.0081674
-7.1516e-05,9.236e-05,0.00025558
-0.0024365,-0.0044325,-0.0021473
-0.01896,-0.014535,-0.008002
5.5464e-180,8.7125e-88,2.5634e-54
-0.037929,0.019978,0.046495
-0.0067355,0.0025456,0.0027897
-0.0010983,0.0017375,-0.0060527
2.321e-180,4.9046e-88,1.59e-54
-0.00019993,0.00024534,0.0012917
1.0555e-179,1.712e-87,5.5435e-54
-0.024858,0.028347,0.021821
-0.0015229,0.00092232,-0.00025193
-5.1152e-05,8.6553e-05,0.00040942
-0.003554,0.0025391,0.0091205
-0.0038614,-0.0041884,-0.001157
-0.00033026,0.00020472,0.00095161
-5.7716e-180,-1.0288e-87,-3.6944e-54
-0.00093257,0.0013909,0.0022079
-0.0010522,-0.0021642,-0.0007207
-2.9662e-05,4.6312e-05,0.0001233
-0.0081495,-0.0037675,0.00085488
-0.0018146,0.0015045,0.0016417
1.1049e-179,1.9067e-87,7.0596e-54
-0.010047,-0.0052542,-0.0042709
-0.0012943,-0.00069036,0.00056052
-0.0050132,-0.00022321,0.0063921
-0.0021766,0.0042759,0.0054925
-0.0015066,0.0024888,-0.00036617
-0.007777,0.00049445,0.0054744
-0.0015777,0.0015822,0.0034233
-0.0026226,-0.00097793,0.00065103
-0.0010302,0.0013373,0.0029578
-0.0010302,0.0013373,0.0029578
-0.00097773,0.0023314,0.0027248
-0.010748,-0.016746,-0.0075732
-0.00099079,0.00061416,0.0028548
-0.0034735,0.0039081,0.0029952
-0.0096439,-0.011615,-0.0081542
-0.01416,-0.0088367,0.0096505
-0.00036608,0.00084574,0.0023387
-0.00299,-0.0060968,-0.002766
-0.0017959,-0.0032827,-0.0014629
-0.0014878,0.0020722,0.0031506
-0.033391,-0.014325,0.0096178
-0.0012498,0.0024851,0.0017471
-0.0019871,0.0012134,-0.00025071
-0.0070616,-0.0059227,0.00080192
1.1085e-179,1.8056e-87,5.9564e-54
-0.00081514,0.0011148,0.0020303
-0.0014452,0.0016305,-0.00043847
-0.010816,-0.0033999,0.0053398
-0.00079957,0.0011684,0.0016291
-0.001185,-0.0024645,-0.0012618
-8.9867e-181,-1.1993e-88,-9.9352e-55
-0.00070542,0.0016002,0.0027817
-0.0111,0.015756,0.023582
-0.0003269,0.00061214,0.0023446
-0.0030181,0.0019015,0.0040028
-0.0011941,0.0023158,0.00019824
-0.0078901,0.0043679,0.0030139
-0.033095,0.032545,0.017989
-0.0048859,0.00022256,0.00087343
-0.035043,0.023639,0.018488
-0.025453,0.038626,0.046287
3.9819e-180,6.7748e-88,2.5525e-54
-1.427e-05,5.9843e-05,0.00020295
1.2733e-179,2.1012e-87,6.8114e-54
-0.022805,0.038328,0.07604
-0.001287,0.0025614,0.0011296
-0.020426,-0.016849,-0.00085075
-0.014866,-0.00055602,0.0055741
-0.011648,-0.0063588,-0.001626
-0.0074263,-0.0075864,-0.0039998
-0.0027102,-0.0021362,0.00044171
-0.0075388,-0.0023302,0.0052477
-0.0085196,-0.0030189,-0.0004503
-0.0017924,-0.00089524,0.00089825
-0.00024074,-8.4237e-05,0.00033015
1.3501e-179,2.0904e-87,6.4138e-54
-4.2343e-182,9.2403e-90,7.8315e-56
9.1826e-180,1.4673e-87,4.6408e-54
-0.015482,0.0048382,0.0018517
-0.0068758,0.00082205,0.00080646
-0.0012228,-0.0020235,-0.0013798
-0.0010902,-0.00017138,0.0020659
-0.00077527,-0.00040452,0.00018358
6.6077e-180,1.083e-87,3.9233e-54
-0.0040344,-0.0029495,0.00088641
-0.0014775,0.00010943,0.0025759
-0.0018323,-0.00060633,0.00073511
-0.0049774,0.0046202,0.006502
-2.8278e-05,4.3004e-05,0.000179
-0.0022914,0.00053501,-0.00047982
-2.2524e-05,4.4384e-05,0.0001622
-0.00022601,0.00073249,-0.0010371
-0.0058945,0.003348,0.0039712
-0.00083844,-0.0013253,-0.00059952
-0.0021088,-0.0031089,-0.0014019
9.3622e-180,1.4746e-87,5.079e-54
-0.007617,0.0023013,0.009671
-0.0019913,-0.001112,0.00030899
-0.015567,0.021738,0.033588
-0.001287,0.0025614,0.0011296
-0.001951,-0.0012093,0.00060269
-0.0010214,0.0021048,0.0037726
-0.013104,0.011274,0.015311
-0.0036513,0.0056258,-0.0071137
-0.004052,0.0014385,0.0015032
-0.00066095,0.0013261,0.0012755
-0.09285,0.23255,-0.50813
-0.0052028,-0.0033824,-0.00092948
-0.0010993,-0.0020224,-0.0013613
-0.030436,-0.037261,-0.013687
-2.2391e-05,3.5506e-05,0.0001807
-4.1387e-180,-6.5545e-88,-2.487e-54
-0.0022705,-0.0043357,-0.0014037
-4.1596e-05,0.00011695,0.00045458
-0.007599,0.021156,-0.028238
-2.3804e-05,6.1495e-05,0.00024302
-0.00069942,-0.00095497,-0.00091922
-2.8278e-05,4.3004e-05,0.000179
-0.0025136,0.0042233,0.0033726
-3.1411e-05,8.0282e-05,8.3929e-05
-0.001185,-0.0024645,-0.0012618
-0.0004375,-0.00087041,-6.4904e-05
-0.010437,0.011789,0.026405
-0.005803,-0.0058316,-0.011131
-0.004376,-0.0085535,-0.0047294
-0.0076177,-0.0011505,0.00046276
-0.00011432,0.00035704,-0.0011753
-0.00079109,-0.00071196,-0.00026004
-0.0019886,-0.0019659,0.00024689
-0.00011253,7.1295e-05,9.1872e-05
-0.035493,0.0051785,0.02332
-0.0041578,0.0029492,0.0024087
-0.0024433,0.0025708,3.7433e-05
-0.0015515,0.0013549,0.002693
-0.0018598,0.0032127,0.0029162
-0.001785,0.0036013,0.001568
-0.0074939,0.00073119,0.0056869
-0.0021765,-0.0010751,0.00034888
-0.00081514,0.0011148,0.0020303
-0.0009344,-0.00089611,-0.00031362
-0.015474,0.016311,0.038023
-1.8149e-06,-5.3571e-06,-3.6246e-06
-0.012018,-0.0055681,0.0045912
-0.0048128,0.0013881,0.0026523
-0.014259,0.016564,0.0088283
-9.6029e-180,-1.5548e-87,-5.2831e-54
-0.00052714,0.001257,0.0018085
-0.0063104,0.0012478,0.010667
-0.0049198,0.0050041,-0.0013751
-0.0011575,0.0018674,0.002199
-0.0021766,0.0042759,0.0054925
-0.0021766,0.0042759,0.0054925
-0.0072597,0.004853,0.0046981
-0.00067363,0.0016301,0.0022123
-0.0015479,-0.0025004,-0.00071184
-0.0014452,0.0016305,-0.00043847
-0.00060132,0.0012349,0.0032075
-1.1391e-179,-1.8739e-87,-6.1818e-54
-8.2627e-182,3.4996e-89,5.0426e-55
-0.0014539,0.0023335,0.00017773
-0.0061246,0.0013483,0.001463
-0.0041253,-0.0025328,0.00038101
-0.0019871,0.0012134,-0.00025071
-0.0019544,-0.0014286,-0.0018051
-0.0011431,0.0019634,0.0025706
-0.0016244,0.0015016,0.0028049
-0.0067071,0.012329,0.022028
-0.0011941,0.0023158,0.00019824
-4.3009e-180,-7.1669e-88,-2.4718e-54
-0.0021134,0.0038755,0.0026582
-0.00035002,0.00095976,-0.00098243
-0.00048828,0.0011354,0.0011736
-0.0035527,0.0022387,0.0035694
-0.0014021,0.0026136,-0.0042429
-0.0051304,-0.00055655,0.0045823
-0.011717,0.017639,0.03254
-0.0023129,-0.0044314,-0.0021287
-0.00086963,0.00222,0.0021427
5.0511e-181,7.3052e-89,5.8113e-55
-0.00082109,-0.0009068,0.00087731
-0.0033461,0.0062017,-0.00096385
-0.00010051,0.00020022,0.00063513
-0.0080845,0.017822,-0.016316
6.8066e-180,1.1962e-87,3.7339e-54
-0.0002228,0.00068333,0.0019002
-0.0014931,-0.0024988,-0.0010002
-3.5344e-05,3.6507e-05,0.00027228
-0.006145,0.006066,0.016138
-0.0093073,-0.0078174,-0.0001679
-0.0030846,0.0029811,0.0073689
-0.00083844,-0.0013253,-0.00059952
-0.0018881,-0.00046083,0.0011512
-0.0061246,0.0013483,0.001463
-0.0013425,0.0026803,-0.0059926
-0.0035896,-9.7307e-05,0.00076986
-0.042952,0.071023,-0.12776
-0.0032398,-0.00021812,0.003067
-0.0014973,-0.002579,-0.0011348
-0.038613,0.082846,-0.13721
-0.0018898,-9.1365e-05,0.0022915
-0.0020634,0.0034043,0.0012563
-0.0017057,0.00026907,0.0012238
-0.0077296,-0.00045373,0.0026682
-0.0048118,0.0030864,0.004121
-0.0013298,-0.00041112,0.0001537
-0.0019913,-0.001112,0.00030899
-0.055568,-0.06568,-0.038569
-9.8699e-05,-0.00012249,-0.00019014
-0.0017057,0.00026907,0.0012238
-0.068041,0.06633,0.010574
-0.003888,0.0011776,-0.0070996
-0.0011249,-0.00021829,0.0013498
-3.5344e-05,3.6507e-05,0.00027228
-0.00235,0.0039305,0.0086324
1.6072e-179,2.7312e-87,9.0853e-54
-0.0014363,-0.0024714,-0.0011132
-0.0055802,-0.0061463,-0.0014997
-0.0063387,0.011212,0.0045856
-0.022153,0.0082431,0.0083001
-0.0017057,0.00026907,0.0012238
-0.0035294,-0.0001193,0.0017085
-0.044817,0.060482,0.10975
-0.0001583,2.0272e-06,-0.00016207
-8.2912e-180,-1.3408e-87,-4.7811e-54
-0.0010983,0.0017375,-0.0060527
-0.0061246,0.0013483,0.001463
-0.0012297,0.00018549,0.00097315
-0.0011367,-0.001144,-0.0022124
-0.00042414,0.00036028,0.0012814
-0.010451,0.019759,-0.0035967
-0.01497,0.02733,0.041538
-0.0014926,-0.0010295,0.00060309
-0.065194,-0.069289,-0.020276
-0.0056511,-0.0021799,0.00082793
-4.4311e-180,-7.5862e-88,-2.8118e-54
-0.0073656,-0.0085703,-0.0069897
-0.001287,0.0025614,0.0011296
-0.041709,0.048512,0.12773
-0.07377,0.034746,0.00039466
-0.00043513,-0.00036869,0.00011925
-8.5899e-180,-1.4344e-87,-5.1073e-54
-0.00012353,-1.1145e-06,-1.8531e-05
-0.022383,-0.032995,-0.019232
-0.001589,0.0042459,-0.0067002
-4.7609e-05,0.00012299,0.00048604
-0.0017888,-0.00093371,0.00062029
-0.00083844,-0.0013253,-0.00059952
-0.00066095,0.0013261,0.0012755
-6.2344e-180,-1.0386e-87,-3.87e-54
-1.1108e-05,-1.0354e-05,-1.7638e-05
-3.3317e-05,0.00010567,0.00032429
-0.0010578,-0.0025327,-0.0015046
-0.0053815,0.0048807,0.0039233
-0.00072543,0.00093226,0.0010744
-0.0022203,-0.0010421,0.00052522
9.4436e-180,1.5318e-87,5.3999e-54
-0.0043894,0.0051773,0.0090724
-0.0015605,-0.0027283,-0.0012664
-0.012124,0.011028,0.026696
-0.0004375,-0.00087041,-6.4904e-05
-0.002559,-0.00038462,0.00066958
-0.0011163,0.0017236,0.0025737
-0.0039297,0.0020664,0.0045771
-0.0061349,0.0043197,0.0044977
-0.00023429,0.00057056,0.0015651
-0.10699,-0.13129,-0.089989
-0.013452,-0.01194,-0.0046944
-0.00011561,0.0002772,0.00087965
1.3367e-180,2.8171e-88,8.4644e-55
-0.0027903,-0.00074756,0.00077356
-0.00024074,-8.4237e-05,0.00033015
-0.00097752,0.0017075,-0.00011934
-0.028538,-0.015937,-0.0035936
-0.004178,0.0099032,-0.00694
-0.033767,0.035697,-0.0069433
-0.0010228,9.4682e-05,0.00083076
-0.0009654,-0.0019726,-0.00063022
-0.0057131,0.0067982,0.009902
-0.001665,0.005004,-0.0077005
-1.7474e-180,-2.1847e-88,-1.6848e-55
-0.025046,0.041067,0.091008
-0.0010983,0.0017375,-0.0060527
-0.0012015,-0.0024795,-0.0011223
-3.6343e-180,-4.6602e-88,-1.4137e-54
-0.0024432,-0.0024667,-0.00070234
-0.0026226,-0.00097793,0.00065103
-0.0012489,-0.0023839,-0.00098123
-0.0033624,0.0011073,0.0042562
-0.00064556,-0.0011469,-0.00037329
-0.00042656,-0.0002964,0.00017628
-0.0011053,0.00032747,0.0026502
-0.0071054,0.0016873,0.0050231
9.997e-180,1.6655e-87,6.0287e-54
-0.0015043,-0.0024935,-0.00096577
5.8203e-180,9.7261e-88,3.0037e-54
-0.0030382,0.0036114,0.0075222
-9.6912e-180,-1.6343e-87,-5.1227e-54
-0.0061826,0.0014301,0.0018201
-0.00089796,-0.0016413,-0.00073143
7.0795e-181,1.2542e-88,6.9585e-55
-0.0064269,-0.0048311,-0.0023123
-0.0024812,0.00012632,0.00040987
-0.012576,0.013429,0.022478
1.0803e-180,1.3041e-88,-5.6116e-56
-0.0071112,-0.0012984,0.0062635
-0.00054907,0.0012011,0.0013833
-0.0023766,0.0045213,0.0067842
5.3279e-180,9.1116e-88,3.2459e-54
-1.6699e-179,-2.8178e-87,-1.0144e-53
-0.0078677,-0.01274,-0.0070446
-0.0032033,-0.0038125,-0.0027863
-0.0024469,-0.00027005,0.0026266
-0.0053827,-0.00025001,-0.0030137
-0.0013479,0.0026424,0.0025672
-0.05459,0.037505,0.024491
-0.0016712,0.002363,-0.0014756
-0.00061089,0.0011973,0.0013267
-0.0024469,-0.00027005,0.0026266
-0.0014337,-0.002428,-0.00063884
-0.019495,0.033664,0.048132
-5.7946e-180,-9.6089e-88,-3.4994e-54
-0.013104,0.011274,0.015311
-0.002758,-0.0010818,0.0005525
-0.0023682,0.00060581,-0.0003738
-0.0014148,-0.0012182,-0.0013858
-0.0024431,0.0076741,-0.016605
-0.12937,0.06201,0.19153
-0.028135,0.032632,0.06237
-0.0013738,-0.0025779,-0.0011163
-0.015684,-0.0067895,-0.0002061
-0.0057289,0.0016109,2.1818e-06
-0.00088362,0.0015388,0.0016601
-0.0037744,-0.0061989,-0.0046755
-0.00050025,-0.00025291,0.00031459
-0.022308,-0.0095639,-0.0032944
-0.001185,-0.0024645,-0.0012618
8.3243e-182,8.1486e-89,5.0804e-55
-0.01886,-0.000805,0.0010995
-0.028762,-0.0069776,0.0064651
-0.0074566,0.0011716,0.0046532
-3.0213e-180,-5.1883e-88,-1.7588e-54
-0.0025602,0.0058074,0.0084244
-0.0014263,-0.0023895,-0.00070523
-0.0023682,-0.0016896,-0.00015679
-0.0020272,-0.00016244,-0.00096771
-0.00033026,0.00020472,0.00095161
-0.0073305,-0.00025572,0.0019832
-9.3867e-181,-1.2189e-88,-1.5817e-55
-8.4699e-181,-3.6469e-89,-6.1447e-56
-0.00092978,0.00028518,0.0007944
-0.046807,0.12671,-0.26604
-0.0012019,-0.0023494,-0.00098884
-0.0007042,0.0013686,0.0015762
-9.4514e-05,0.0002247,0.000723
8.4036e-180,1.4708e-87,4.9499e-54
-0.0061246,0.0013483,0.001463
-0.010439,0.016897,-0.037404
-0.0043062,-0.0045988,-0.00087706
-0.0039906,0.010638,-0.011608
-0.003357,0.0016719,-0.00094638
-0.00096324,-0.0011243,0.00036668
-0.0031711,0.0065872,0.010428
-0.00077097,0.0015738,0.0021176
-0.004794,0.0099455,0.017235
-0.0039262,0.0089943,-0.0032825
-0.0023001,-0.0026688,-0.0010245
-0.0014363,-0.0024714,-0.0011132
-0.16138,-0.081753,-0.056637
-0.0047322,-0.0011743,-0.0024023
-0.044802,-0.016853,0.0086882
-0.00054768,-0.00080446,-0.00014427
-0.00033026,0.00020472,0.00095161
5.6764e-180,9.589e-88,3.3932e-54
-0.0012115,-0.00093712,0.00012765
-0.00056609,0.0011421,-0.001219
-0.0023411,-0.00012513,0.0023201
-0.00070231,0.00028484,0.0014695
-0.00072543,0.00093226,0.0010744
-0.00070231,0.00028484,0.0014695
-0.0024605,0.0034282,0.0062899
-0.0010802,0.00035544,0.0025412
-0.0010204,0.00097811,0.0020666
-0.0062028,-0.0043315,0.0011592
-0.0026836,-0.0002865,0.0019557
-0.004434,-0.0050619,-0.00024764
-3.6504e-180,-7.535e-88,-3.0479e-54
-0.00023837,0.00077127,-0.001588
-0.0010115,-0.0014947,-0.00066735
-0.016355,0.013857,0.01201
-0.00023049,0.0014222,-0.0050956
-0.0036387,-0.0031906,0.0001135
-0.0014235,-0.0035364,-0.0025041
-0.024392,-0.025274,-0.010351
-5.6833e-180,-9.5145e-88,-3.2371e-54
-0.0040664,0.0011353,0.0034009
-0.002813,0.0054811,0.0079832
-0.016093,0.02626,0.02577
-0.0024481,-0.00074916,0.0014935
-0.0024481,-0.00074916,0.0014935
-0.005404,0.0075496,0.0054881
-0.00096324,-0.0011243,0.00036668
-0.0043529,-0.0021501,0.00069775
-6.8766e-180,-1.1299e-87,-3.0574e-54
-0.013642,-0.0049288,0.0030028
-0.0018323,-0.00060633,0.00073511
-0.0015519,0.0040628,-0.0041132
-0.027015,0.042599,0.078604
-0.00010407,0.00021443,0.00092593
-0.0013926,0.0021,0.0019554
-0.00093257,0.0013909,0.0022079
-0.007492,-0.0067323,-0.0045027
-0.0068204,0.0017891,0.0013561
-0.0012003,-0.0012223,0.00088943
-2.3226e-179,-3.8513e-87,-1.2398e-53
-0.0021766,0.0042759,0.0054925
-0.0061389,0.0031046,0.0040203
-0.001023,-0.0017946,-0.00080058
-0.0021149,-0.0011937,0.00025353
-0.00059314,-0.00018883,0.00037638
-0.0017948,-0.0010021,0.0004564
-0.012969,0.002299,0.013542
-1.1856e-180,-2.7814e-88,-1.1559e-54
-0.0012918,-0.0009045,-0.00017332
-0.0024469,-0.00027005,0.0026266
-0.034415,0.038676,0.098639
-0.0031594,-0.0036815,-0.0016727
-4.2094e-05,4.7366e-05,4.6874e-05
-0.0019127,0.0050915,-0.0027935
-7.6947e-05,8.1572e-05,0.00034162
-0.00011426,4.5654e-05,0.00032931
-7.8216e-180,-1.2279e-87,-4.1462e-54
-0.0067943,0.0027021,0.0023108
-0.0061246,0.0013483,0.001463
-0.0029269,0.0027106,0.010364
-0.0010115,-0.0014947,-0.00066735
-0.0024313,-0.0041785,-0.0019792
-0.0017565,-0.0028575,-0.00095651
-0.00062492,0.0013239,0.0016682
-1.1057e-179,-1.794e-87,-5.7291e-54
-0.0075569,-0.0017603,0.00029022
-0.00037067,0.00089351,0.0016091
-1.6882e-180,-1.3218e-88,-3.1514e-55
-0.0024163,-0.00029438,0.001693
-0.041868,0.037493,0.017997
-0.00068892,-0.00056487,-0.00010924
-0.0081541,0.0036436,0.008027
-0.0023881,0.0023822,0.0018922
-0.001185,-0.0024645,-0.0012618
-0.0017346,-0.00080546,0.00076451
-0.0018793,-0.0010504,0.00035838
-0.073148,0.085584,0.12753
7.1092e-180,1.1709e-87,3.5349e-54
-0.0005904,0.0013972,-0.0010382
-0.010046,0.00039012,-0.0019332
-0.00097752,0.0017075,-0.00011934
-0.0012019,-0.0023494,-0.00098884
-0.00017385,0.00090051,-0.0032208
-0.0023682,0.00060581,-0.0003738
-0.0010675,0.0020729,0.0051127
-0.00015826,0.00030478,0.00073304
-0.00030219,-8.0745e-05,-0.00066964
-0.0017948,-0.0010021,0.0004564
-0.002024,-0.00046882,-0.0008543
-0.00079109,-0.00071196,-0.00026004
1.0254e-179,1.7797e-87,6.4735e-54
-0.013682,-0.017304,-0.007449
-0.00056232,-0.00035169,-0.00021542
4.0649e-180,7.2235e-88,3.1243e-54
-0.00070231,0.00028484,0.0014695
-0.00091428,0.0018565,0.0027627
-0.0087965,-0.00057462,0.0048168
-0.0066546,0.0015931,0.0086242
-0.0012657,0.0027476,0.004106
-4.1596e-05,0.00011695,0.00045458
-2.5855e-05,7.1303e-05,0.00018923
-0.0014643,-0.0019544,0.00072186
-0.0021765,-0.0010751,0.00034888
-0.0097832,0.0058244,0.001608
-0.0059929,0.0057642,0.011144
-0.0013979,-0.0026342,-0.0014619
-0.00079957,0.0011684,0.0016291
-0.00095996,-0.00052133,0.00056519
-0.00011946,0.00031688,0.0011389
-0.020937,0.024048,-0.020756
-0.00056232,-0.00035169,-0.00021542
-0.0058971,-0.0069086,-0.00055613
-2.5855e-05,7.1303e-05,0.00018923
-0.0078176,0.0026425,0.0094245
-0.00037307,0.0014236,-0.0020639
-0.00079957,0.0011684,0.0016291
-0.0010993,-0.0020224,-0.0013613
-0.00060679,-0.0012319,-0.00049619
-0.00097773,0.0023314,0.0027248
-2.616e-180,-4.6766e-88,-1.5825e-54
-0.00033026,0.00020472,0.00095161
-0.0046985,0.015211,-0.038529
-0.0010803,0.0019406,0.0026959
-0.00069942,-0.00095497,-0.00091922
-0.0012015,-0.0024795,-0.0011223
-0.00023049,0.0014222,-0.0050956
-0.005498,-0.0094594,-0.005925
-0.0079719,-0.0053469,0.0011748
-0.0042423,0.0011182,0.0091255
1.7737e-179,2.9045e-87,9.637e-54
9.7484e-180,1.5091e-87,4.7757e-54
-0.00091959,-0.0020983,-0.00094182
-0.0054565,0.0015013,0.0092701
-0.0014603,-0.0026394,-0.0013156
-0.0013738,-0.0025779,-0.0011163
-0.0059147,0.0066799,0.0015545
-0.0028047,0.0073775,-0.0086573
-0.0019328,-0.0025166,-0.001018
-0.00078382,-0.0018431,-0.00070724
-0.0038674,0.0013342,0.00090341
-0.0015877,0.0030933,0.0041139
-0.0024469,-0.00027005,0.0026266
-0.0010302,0.0013373,0.0029578
-2.4925e-180,-3.6594e-88,-1.4264e-54
-0.0054247,0.016844,-0.038567
-0.0017924,-0.00089524,0.00089825
-0.0089448,0.00011223,0.0022859
-0.011241,0.013549,0.017606
-0.0041253,-0.0025328,0.00038101
-2.9662e-05,4.6312e-05,0.0001233
-0.0039676,0.010687,-0.01068
-0.00015173,0.00034457,0.0012897
-0.0015479,-0.0025004,-0.00071184
-0.0080335,0.0048702,0.0058115
-0.0044784,0.00082817,0.0038944
-0.0026316,-0.0042315,-0.0036227
4.763e-180,8.5702e-88,3.5611e-54
7.6903e-180,1.3238e-87,4.4005e-54
-1.2275e-179,-2.1204e-87,-7.5141e-54
-0.43512,-0.41357,-0.086518
-0.038189,0.046979,0.013741
-0.00033627,-0.0001647,0.00047263
-0.002652,-0.00057511,0.00070594
4.2219e-180,7.2493e-88,2.2191e-54
-0.0019855,-0.00088794,0.0008005
-0.0037283,0.0005858,0.0023266
-0.0072227,0.0042175,0.011059
-0.00382,-0.0026796,0.0063256
-0.17458,0.30801,-0.27167
-0.027049,0.01592,-0.007615
-0.00019993,0.00024534,0.0012917
7.9269e-180,1.2824e-87,3.7505e-54
-0.0011525,0.0016187,-0.00012406
-7.6231e-180,-1.3092e-87,-4.5676e-54
-0.0030038,0.0055609,0.014064
-0.002259,0.0037499,0.010026
-0.0053514,-0.004049,0.0008591
-0.11365,0.10243,0.21813
-0.010544,-0.00090317,0.006136
-0.0017948,-0.0010021,0.0004564
-0.00070231,0.00028484,0.0014695
-0.0032136,-0.0034464,-0.00034214
-0.0018341,0.0022894,0.0059373
-2.5179e-05,2.4007e-05,3.2961e-05
-0.0038584,0.0020105,0.0056002
-0.0020634,0.0034043,0.0012563
-0.00033026,0.00020472,0.00095161
-0.00074318,0.0014862,0.0019636
-0.00052883,0.0019931,-0.0068237
-0.0037283,0.0005858,0.0023266
-0.0021766,0.0042759,0.0054925
-0.0010612,0.00012826,0.00087219
-0.00042414,0.00036028,0.0012814
-0.00011426,4.5654e-05,0.00032931
-0.0010478,0.0015711,-0.00032234
-0.0066186,-0.00030404,0.00018714
-0.053608,0.12858,-0.25036
-4.8224e-180,-7.9128e-88,-2.8067e-54
-0.0011941,0.0023158,0.00019824
-6.8284e-180,-1.1927e-87,-3.7234e-54
-0.019294,0.040799,-0.092649
-0.0047133,0.0052151,0.0099686
